{
  "components/products/product-view-digital": "<div class=\"productView halo-productView halo-productView-digital\" {{#if settings.data_tag_enabled}} data-event-type=\"product\" data-entity-id=\"{{product.id}}\" data-name=\"{{product.title}}\" data-product-category=\"{{#each product.category}}{{#if @last}}{{this}}{{else}}{{this}}, {{/if}}{{/each}}\" data-product-brand=\"{{product.brand.name}}\" data-product-price=\"{{#if product.price.with_tax}}{{product.price.with_tax.value}}{{else}}{{product.price.without_tax.value}}{{/if}}\" data-product-variant=\"single-product-option\"{{/if}}>\n    <div class=\"halo-productView-left productView-images zoom-image\" data-image-gallery>\n        <div class=\"productView-images-wrapper\">\n            <div class=\"productView-image-wrapper\">\n                {{#if product.images.length '>' 0}}\n                    <div class=\"productView-nav\"\n                        data-slick='{\n                            \"fade\": true,\n                            \"arrows\": false,\n                            \"dots\": false,\n                            \"infinite\": false,\n                            \"slidesToShow\": 1,\n                            \"slidesToScroll\": 1\n                        }'>\n                        {{#each product.images}}\n                            <figure class=\"productView-image\" \n                                data-fancybox=\"images-product\" \n                                href=\"{{getImageSrcset this (cdn ../theme_settings.default_image_product) 1x=../theme_settings.zoom_size}}\" \n                                data-image-gallery-main\n                                data-image-gallery-main-quick-view\n                                data-zoom-image=\"{{getImageSrcset this (cdn ../theme_settings.default_image_product) 1x=../theme_settings.zoom_size}}\"\n                                data-image-gallery-new-image-url=\"{{getImageSrcset this use_default_sizes=true}}\"\n                                data-image-gallery-new-image-srcset=\"{{getImageSrcset this use_default_sizes=true}}\">\n                                <div class=\"productView-img-container\">\n                                    <a href=\"{{getImageSrcset this (cdn ../theme_settings.default_image_product) 1x=../theme_settings.zoom_size}}\">\n                                        {{> components/common/responsive-img\n                                            image=this\n                                            class=\"productView-image--default\"\n                                            fallback_size=../theme_settings.product_size\n                                            lazyload=\"disabled\"\n                                            default_image=../theme_settings.default_image_product\n                                            otherAttributes=\"data-main-image\"\n                                        }}\n                                    </a>\n                                </div>\n                            </figure>\n                        {{/each}}\n                        {{#if product.videos.list.length}}\n                            {{#each product.videos.list}}\n                                <div data-slick-position=\"{{add ../product.images.length @index}}\">\n                                    <figure class=\"productView-image\">\n                                        <div class=\"productView-img-container\">\n                                            <a href=\"//www.youtube.com/embed/{{id}}\">\n                                                <img class=\"lazyload\" src=\"{{#if ../theme_settings.halo_homepage_layout_1}}{{cdn 'img/loading.svg'}}{{else}}{{cdn 'img/loading_2.svg'}}{{/if}}\" data-src=\"//i.ytimg.com/vi/{{id}}/hqdefault.jpg\" data-sizes=\"auto\" alt=\"{{../product.title}}\" title=\"{{../product.title}}\">\n                                            </a>\n                                            <div class=\"productView-video\">\n                                                <div data-youtube=\"{{id}}\"></div>\n                                            </div>\n                                        </div>\n                                    </figure>\n                                </div>\n                            {{/each}}\n                        {{/if}}\n                    </div>\n\n                    <div class=\"productView-nav productView-nav-mobile\"\n                        data-product-image-length=\"{{product.images.length}}\"\n                        data-product-video-length=\"{{product.videos.list.length}}\"\n                        data-slick='{\n                            \"fade\": false,\n                            \"arrows\": true,\n                            \"dots\": true,\n                            \"infinite\": true,\n                            \"slidesToShow\": 1.5,\n                            \"slidesToScroll\": 1.5,\n                            \"centerMode\":true,\n                            \"centerPadding\": 60px,\n                            \"variableWidth\": true\n                        }'>\n                        {{#each product.images}}\n                            <figure class=\"productView-image filter-{{camelcase this.alt}}\" \n                                data-fancybox=\"images_mobile\"\n                                href=\"{{getImageSrcset this (cdn ../theme_settings.default_image_product) 1x=../theme_settings.zoom_size}}\" \n                                data-image-gallery-main\n                                data-zoom-image=\"{{getImageSrcset this (cdn ../theme_settings.default_image_product) 1x=../theme_settings.zoom_size}}\">\n                                <div class=\"productView-img-container\">\n                                    <a href=\"{{getImageSrcset this (cdn ../theme_settings.default_image_product) 1x=../theme_settings.zoom_size}}\">\n                                        {{> components/common/responsive-img\n                                            image=this\n                                            class=\"productView-image--default\"\n                                            fallback_size=../theme_settings.product_size\n                                            lazyload=\"disabled\"\n                                            default_image=../theme_settings.default_image_product\n                                            otherAttributes=\"data-main-image\"\n                                        }}\n                                    </a>\n                                </div>\n                            </figure>\n                        {{/each}}\n                        {{#if product.videos.list.length}}\n                            {{#each product.videos.list}}\n                                <div data-slick-position=\"{{add ../product.images.length @index}}\">\n                                    <figure class=\"productView-image\">\n                                        <div class=\"productView-img-container\">\n                                            <a href=\"//www.youtube.com/embed/{{id}}\">\n                                                <img class=\"lazyload\" src=\"{{#if ../theme_settings.halo_homepage_layout_1}}{{cdn 'img/loading.svg'}}{{else}}{{cdn 'img/loading_2.svg'}}{{/if}}\" data-src=\"//i.ytimg.com/vi/{{id}}/hqdefault.jpg\" data-sizes=\"auto\" alt=\"{{../product.title}}\" title=\"{{../product.title}}\">\n                                            </a>\n                                            <div class=\"productView-video\">\n                                                <div data-youtube=\"{{id}}\"></div>\n                                            </div>\n                                        </div>\n                                    </figure>\n                                </div>\n                            {{/each}}\n                        {{/if}}\n                    </div>\n                {{else}}\n                    <figure class=\"productView-image\"\n                        data-image-gallery-main \n                        data-zoom-image=\"{{cdn 'img/ProductDefault.gif'}}\">\n                        <div class=\"productView-img-container productView-img-containerDefault\">\n                            <a href=\"{{cdn 'img/ProductDefault.gif'}}\">\n                                <img src=\"{{cdn 'img/ProductDefault.gif'}}\" alt=\"{{product.title}}\" title=\"{{product.title}}\" data-sizes=\"auto\" srcset=\"{{cdn 'img/ProductDefault.gif'}}\" class=\"productView-image--default\" data-main-image>\n                            </a>\n                        </div>\n                    </figure>\n                {{/if}}\n            </div>\n        </div>\n    </div> \n    <div class=\"halo-productView-right\">\n        <div class=\"productView-wrapper-details\">\n            <section class=\"productView-details product-data\">\n                <div class=\"productView-product\">\n                    <div class=\"productView-top-custom-text\">\n                        <p>Felicitare</p>\n                        <p>7.7K shares</p>\n                    </div>\n                    <h1 class=\"productView-title text-center\">{{product.title}}</h1>\n                    \n                    <!-- Button Custom Group -->\n                    <div class=\"custom-button-digital-group\">\n                        <div class=\"button button--tertiary digital-product-button digital-product-button--email hover-gold\">Email</div>\n                        <div class=\"button button--primary digital-product-button digital-product-button--download\">DESCARCA</div>\n                    </div>\n\n                    <!-- Custom New Sidebar -->\n                    {{>components/products/custom/digital-sidebar}}\n                </div>\n\n                <div class=\"productView-share-block\">\n                    <h5 class=\"share-block__title\">Share</h5>\n                    {{> components/common/share url=product.url}}\n\n                    <div class=\"share-block__copy\">\n                        <p class=\"copy__link coppy__link-url\" style=\"display: none;\">https://store-{{settings.store_hash}}.mybigcommerce.com{{product.url}}</p>\n                        <p class=\"copy__link\">stephanus.ro/{{product.id}}</p>\n                        <a href=\"#\" class=\"copy__button\">\n                            <span class=\"icon icon--copy-link\">\n                                <svg><use xlink:href=\"#icon-copy-link\"></use></svg>\n                            </span>\n                            Copiaza\n                        </a>\n                    </div>\n                </div>\n\n            </section>\n        </div>\n    </div>\n</div>\n",
  "components/common/responsive-img": "{{!--\nThis file implements the lazysizes srcset pattern (as seen on\nhttps://github.com/aFarkas/lazysizes#modern-transparent-srcset-pattern) for maximum performance on modern browsers\nand reasonable compatibility with legacy browsers.\n\nThere are a few important arguments to know about when using this component:\n`lazyload`:\n    - If set to 'lazyload+lqip', will load a low-res image which will be replaced by lazysizes - ensuring that SOME\n    content is shown immediately on page load. Without LQIP, a transparent gif will be used instead, which reduces\n    the number of requests needed to load the page, making it even faster.\n    - If set to 'lazyload', the browser will not load the full-size image at first, instead the lazysizes plugin will\n        load it progressively after page load. This improves the load speed of the page, but it should be disabled for\n        high-priority above-the-fold images.\n    - If set to 'disabled', will not attempt to lazyload the image and instead tell the browser to load it immediately.\n        Use this for high-priority images that are above the fold.\n\n`fallback_size`:\n    This is the size to use for this image in legacy browsers that do not support srcset.\n    Can be defined as a pixel bounding-box size (e.g. \"123x123) or inherent width (e.g. \"123w\").\n\n`class`:\n    The CSS classes to add to the image, e.g. \"card-image\". If lazyloading is enabled, all images will have the\n    \"lazyload\" class so that lazysizes will target them automatically.\n\n`otherAttributes`:\n    Any other HTML attributes you want on the img tag, for example \"height='100' width='100'\"\n\n`default_image`:\n    The default image to use if `image` is undefined or falsy. Should be a theme asset, usually defined as a relative\n    path in the theme config. If a default image is not provided, you'll get an image tag with no image if the primary\n    image is undefined.\n\n`lqip_size`:\n    If you want to specify a particular size for the LQIP image, you can do so with this argument. A default of 80\n    pixels wide will be used otherwise. This argument has no effect if the lazyload mode is not \"lazyload+lqip\".\n\n--}}\n<img {{#if image}}{{!-- Get the default image for legacy browsers that do not support srcset\n--}}src=\"{{getImageSrcset image 1x=(default fallback_size '160w')}}\" alt=\"{{image.alt}}\" title=\"{{image.alt}}\" {{!--\n  Allow lazysizes to generate the 'sizes' attribute automatically --}}data-sizes=\"auto\"\n  {{#unless lazyload '==' 'disabled'}}\n    {{#if lazyload '==' 'lazyload+lqip'}}\n    {{!-- If we want a LQIP, include it as the default srcset (will be overwritten by lazysizes) --}}\n    srcset=\"{{getImageSrcset image 1x=(default lqip_size '80w')}}\"\n    {{else}}\n      {{!-- If we don't want a LQIP, use a 1px transparent gif for the stand-in image\n            This requires no additional network request, so it's fast --}}\n    srcset=\"data:image/gif;base64,R0lGODlhAQABAIAAAP///wAAACH5BAEAAAAALAAAAAABAAEAAAICRAEAOw==\"\n    {{/if}}\n{{/unless}}\n{{!-- If lazyloading is disabled, just use \"srcset\". If it is not disabled, use \"data-srcset\" so lazysizes will use\n      this after page load --}}\n{{!--\nGenerate the srcset string using the default sizes defined in the helper. This will allow the browser to\npick the best-sized image based on its own understanding of how it will render the page.\n--}}\n{{#unless lazyload '==' 'disabled'}}data-{{/unless}}srcset=\"{{getImageSrcset image use_default_sizes=true }}\"\n{{else if default_image}}src=\"{{cdn default_image}}\" alt=\"{{lang 'products.card_default_image_alt'}}\"{{/if}}\nclass=\"{{#unless lazyload '==' 'disabled'}}lazyload{{/unless}}{{#if class}} {{class}}{{/if}}\"\n{{#if lazyload '==' 'lazyload'}}loading=\"lazy\"{{/if}}\n{{otherAttributes}} />\n",
  "components/common/share": "{{#if settings.add_this.buttons}}\n    {{assignVar 'encodedUrl' (encodeURI url)}}\n    {{assignVar 'encodedTitle' (encodeURI head.title)}}\n    <div>\n        <ul class=\"socialLinks\">\n            <!-- Custom Installgram\n            <li class=\"socialLinks-item socialLinks-item--instagram\">\n                <a class=\"socialLinks__link icon icon--instagram\"\n                   title=\"{{{capitalize Installgram}}}\"\n                   href=\"https://www.instagram.com/libraria.stephanus/\"\n                   target=\"_blank\"\n                   rel=\"noopener\"\n                   {{{annotation}}}\n                >\n                    <span class=\"aria-description--hidden\">{{{capitalize service}}}</span>\n                    <svg>\n                        <use href=\"#icon-digital-instagram\"/>\n                    </svg>\n                </a>\n            </li> -->\n            {{#each settings.add_this.buttons}}\n                <li class=\"socialLinks-item socialLinks-item--{{service}}\">\n                    {{#if service '===' 'facebook'}}\n                    <a class=\"socialLinks__link icon icon--{{service}}\"\n                       title=\"{{{capitalize service}}}\"\n                       href=\"https://facebook.com/sharer/sharer.php?u={{getVar 'encodedUrl'}}\"\n                       target=\"_blank\"\n                       rel=\"noopener\"\n                       {{{annotation}}}\n                    >\n                        <span class=\"aria-description--hidden\">{{{capitalize service}}}</span>\n                        <svg>\n                            <use href=\"#icon-facebook-digital\"/>\n                        </svg>\n                    </a>\n                    {{else if service '===' 'email'}}\n                    <a class=\"socialLinks__link icon icon--{{service}}\"\n                       title=\"{{{capitalize service}}}\"\n                       href=\"mailto:?subject={{getVar 'encodedTitle'}}&amp;body={{getVar 'encodedUrl'}}\"\n                       target=\"_self\"\n                       rel=\"noopener\"\n                       {{{annotation}}}\n                    >\n                        <span class=\"aria-description--hidden\">{{{capitalize service}}}</span>\n                        <svg>\n                            <use href=\"#icon-envelope\"/>\n                        </svg>\n                    </a>\n                    {{else if service '===' 'print'}}\n                    <a class=\"socialLinks__link icon icon--{{service}}\"\n                       title=\"{{{capitalize service}}}\"\n                       onclick=\"window.print();return false;\"\n                       {{{annotation}}}\n                    >\n                        <span class=\"aria-description--hidden\">{{{capitalize service}}}</span>\n                        <svg>\n                            <use href=\"#icon-print\"/>\n                        </svg>\n                    </a>\n                    {{else if service '===' 'twitter'}}\n                    <a class=\"socialLinks__link icon icon--{{service}}\"\n                       href=\"https://twitter.com/intent/tweet/?text={{getVar 'encodedTitle'}}&amp;url={{getVar 'encodedUrl'}}\"\n                       target=\"_blank\"\n                       rel=\"noopener\"\n                       title=\"{{{capitalize service}}}\"\n                       {{{annotation}}}\n                    >\n                        <span class=\"aria-description--hidden\">{{{capitalize service}}}</span>\n                        <svg>\n                            <use href=\"#icon-twitter\"/>\n                        </svg>\n                    </a>\n                    {{else if service '===' 'linkedin'}}\n                    <a class=\"socialLinks__link icon icon--{{service}}\"\n                       title=\"{{{capitalize service}}}\"\n                       href=\"https://www.linkedin.com/shareArticle?mini=true&amp;url={{getVar 'encodedUrl'}}&amp;title={{getVar 'encodedTitle'}}&amp;summary={{getVar 'encodedTitle'}}&amp;source={{getVar 'encodedUrl'}}\"\n                       target=\"_blank\"\n                       rel=\"noopener\"\n                       {{{annotation}}}\n                    >\n                        <span class=\"aria-description--hidden\">{{{capitalize service}}}</span>\n                        <svg>\n                            <use href=\"#icon-linkedin\"/>\n                        </svg>\n                    </a>\n                    {{else if service '===' 'pinterest'}}\n                    <a class=\"socialLinks__link icon icon--{{service}}\"\n                       title=\"{{{capitalize service}}}\"\n                       href=\"https://pinterest.com/pin/create/button/?url={{getVar 'encodedUrl'}}&amp;media={{getImageSrcset ../product.main_image (cdn ../theme_settings.default_image_product) 1x=../theme_settings.zoom_size}}&amp;description={{getVar 'encodedTitle'}}\"\n                       target=\"_blank\"\n                       rel=\"noopener\"\n                       {{{annotation}}}\n                    >\n                        <span class=\"aria-description--hidden\">{{{capitalize service}}}</span>\n                        <svg>\n                            <use href=\"#icon-pinterest\"/>\n                        </svg>\n                    </a>\n                    {{/if}}\n                </li>\n            {{/each}}\n        </ul>\n    </div>\n{{/if}}\n{{#if settings.facebook_like_button.enabled}}\n    <iframe\n        class=\"facebook{{#if settings.facebook_like_button.verb '===' 'recommend'}}Recommend{{else}}Like{{/if}}Btn\"\n        style=\"border:none; overflow:hidden; margin: 0; padding: 0; position:absolute\"\n        src=\"https://www.facebook.com/plugins/like.php?href={{settings.facebook_like_button.href}}&amp;layout=button_count{{#if settings.facebook_like_button.verb '===' 'recommend'}}&amp;action=recommend{{/if}}&amp;colorscheme=light&amp;height=20\"\n        scrolling=\"no\"\n        frameborder=\"0\"\n        allowTransparency=\"true\">\n    </iframe>\n{{/if}}\n",
  "components/products/custom/digital-sidebar": "<div class=\"digital-overlay\" id=\"digital-overlay\"></div>\r\n\r\n<div class=\"digital-sidebar\" id=\"digital-sidebar\">\r\n    <!-- Email Content -->\r\n    <div class=\"digital-sidebar-content\" id=\"email-content\">\r\n        <h4 class=\"sidebar-content__heading\">Send Ecard</h4>\r\n        <div class=\"sidebar-content__body\">\r\n            <div class=\"body-content__left\">\r\n                <div class=\"digital__image\">\r\n                    {{#each product.images}}\r\n                        <div class=\"productView-img-container\">\r\n                            <a class=\"digital-image__link\" href=\"{{getImageSrcset this (cdn ../theme_settings.default_image_product) 1x=../theme_settings.zoom_size}}\">\r\n                                {{> components/common/responsive-img\r\n                                    image=this\r\n                                    class=\"productView-image--default\"\r\n                                    fallback_size=../theme_settings.product_size\r\n                                    lazyload=\"disabled\"\r\n                                    default_image=../theme_settings.default_image_product\r\n                                    otherAttributes=\"data-main-image\"\r\n                                }}\r\n                            </a>\r\n                        </div>\r\n                    {{/each}}\r\n                </div>\r\n                <h4 class=\"digital__title\">{{product.title}}</h4>\r\n                <a class=\"digital__url\" href=\"https://store-{{settings.store_hash}}.mybigcommerce.com{{product.url}}\" style=\"display: none;\"></a>\r\n            </div>\r\n            \r\n            <div class=\"body-content__right\">\r\n                <div id=\"halo-ask-an-expert-results-digital\" class=\"halo-ask-an-expert-text\"></div>\r\n                <form class=\"form\" id=\"halo-ask-an-expert-form\">\r\n                    <div class=\"form-field\">\r\n                        <label class=\"form-label hiddenLabels\" for=\"customer_name\">Your Full Name</label>\r\n                        <input required type=\"text\" class=\"form-input\" name=\"customer_name\" id=\"customer_name\" placeholder=\"Your Name\">\r\n                    </div>\r\n                    <div class=\"form-field\">\r\n                        <label class=\"form-label hiddenLabels\" for=\"customer_email\">Your Email Address</label>\r\n                        <input required type=\"text\" class=\"form-input\" name=\"customer_email\" id=\"customer_email\" placeholder=\"Your Email\">\r\n                    </div>\r\n                    <div class=\"form-field\">\r\n                        <label class=\"form-label hiddenLabels\" for=\"recipient_email\">Recipient Email Address</label>\r\n                        <input required type=\"text\" class=\"form-input\" name=\"recipient_email\" id=\"recipient_email\" placeholder=\"Recipient Email\">\r\n                    </div>\r\n                    <div class=\"form-field form-field-textarea\">\r\n                        <label class=\"form-label\" for=\"comment_area\">Personalized Message</label>\r\n                        <textarea name=\"comment_area\" cols=\"30\" rows=\"6\" class=\"form-input\" id=\"comment_area\" required></textarea>\r\n                    </div>\r\n                    <div class=\"form-actions\">\r\n                        <button type=\"button\" class=\"button button--tertiary\" id=\"halo-ask-an-expert-button-digital\">Send Ecard</button>\r\n                    </div>\r\n                </form>\r\n            </div>\r\n        </div>\r\n    </div>\r\n\r\n    <!-- Download Content -->\r\n    <div class=\"digital-sidebar-content\" id=\"download-content\">\r\n        <h4 class=\"sidebar-content__heading\">Download Ecard</h4>\r\n        <div class=\"sidebar-content__body\">\r\n            <div class=\"body-content__left\">\r\n                <div class=\"digital__image\">\r\n                    {{#each product.images}}\r\n                        <div class=\"productView-img-container\">\r\n                            <a class=\"digital-image__link\" href=\"{{getImageSrcset this (cdn ../theme_settings.default_image_product) 1x=../theme_settings.zoom_size}}\">\r\n                                {{> components/common/responsive-img\r\n                                    image=this\r\n                                    class=\"productView-image--default\"\r\n                                    fallback_size=../theme_settings.product_size\r\n                                    lazyload=\"disabled\"\r\n                                    default_image=../theme_settings.default_image_product\r\n                                    otherAttributes=\"data-main-image\"\r\n                                }}\r\n                            </a>\r\n                        </div>\r\n                    {{/each}}\r\n                </div>\r\n                <h4 class=\"digital__title\">{{product.title}}</h4>\r\n            </div>\r\n            <div class=\"body-content__right\">\r\n                <div class=\"form-field\">\r\n                    <label class=\"form-label hiddenLabels\">Enter Your Email</label>\r\n                    <input required type=\"text\" class=\"form-input\" placeholder=\"Email Address\">\r\n                </div>\r\n                <div class=\"form-actions\">\r\n                    <button type=\"button\" class=\"button button--tertiary\" id=\"digital-download-card\">Download</button>\r\n                </div>\r\n            </div>\r\n        </div>\r\n    </div>\r\n\r\n    <a href=\"#\" class=\"digital-sidebar-close\" id=\"digital-sidebar-close\">\r\n        <span class=\"icon icon--close\">\r\n            <svg><use xlink:href=\"#icon-close\"></use></svg>\r\n        </span>\r\n    </a>\r\n</div>"
}