{
  "components/halothemes/product/halo-special-ticket-tmp": "<div class=\"productView halo-productView\">\r\n    <div class=\"halo-productView-left productView-images zoom-image\" data-image-gallery style=\"display: none;\">\r\n        <div class=\"productView-image-wrapper\">\r\n            <div class=\"productView-nav\"\r\n                data-slick='{\r\n                    \"fade\": false,\r\n                    \"arrows\": false,\r\n                    \"dots\": false,\r\n                    \"infinite\": false,\r\n                    \"slidesToShow\": 1,\r\n                    \"slidesToScroll\": 1,\r\n                    \"asNavFor\": \".halo-spacial-product .halo-productView-left .productView-for\"\r\n                }'>\r\n                {{#each product.images}}\r\n                    <div>\r\n                        <figure class=\"productView-image\" data-fancybox=\"images\" href=\"{{getImageSrcset this (cdn ../theme_settings.default_image_product) 1x=../theme_settings.zoom_size}}\" \r\n                            data-image-gallery-main\r\n                            data-zoom-image=\"{{getImageSrcset this (cdn ../theme_settings.default_image_product) 1x=../theme_settings.zoom_size}}\">\r\n                            <div class=\"productView-img-container\">\r\n                                <a href=\"{{getImageSrcset this (cdn ../theme_settings.default_image_product) 1x=../theme_settings.zoom_size}}\">\r\n                                    {{> components/common/responsive-img\r\n                                        image=this\r\n                                        class=\"productView-image--default\"\r\n                                        fallback_size=../theme_settings.product_size\r\n                                        lazyload=\"disabled\"\r\n                                        default_image=../theme_settings.default_image_product\r\n                                        otherAttributes=\"data-main-image\"\r\n                                    }}\r\n                                </a>\r\n                            </div>\r\n                        </figure>\r\n                    </div>\r\n                {{/each}}\r\n                {{#if product.videos.list.length}}\r\n                    {{#each product.videos.list}}\r\n                        <div>\r\n                            <figure class=\"productView-image\">\r\n                                <div class=\"productView-img-container\">\r\n                                    <a href=\"//www.youtube.com/embed/{{id}}\">\r\n                                        <img class=\"lazyload\" src=\"{{cdn 'img/loading.svg'}}\" data-src=\"//i.ytimg.com/vi/{{id}}/hqdefault.jpg\"/ data-sizes=\"auto\">\r\n                                    </a>\r\n                                    <div class=\"productView-video\">\r\n                                        <div data-youtube=\"{{id}}\"></div>\r\n                                    </div>\r\n                                </div>\r\n                            </figure>\r\n                        </div>\r\n                    {{/each}}\r\n                {{/if}}\r\n            </div>\r\n        </div>\r\n        <div class=\"productView-thumbnail-wrapper\">\r\n            <div class=\"productView-for\" data-slick='{\r\n                \"arrows\": true,\r\n                \"dots\": false,\r\n                \"infinite\": false,\r\n                \"focusOnSelect\": true,\r\n                \"slidesToShow\": 5,\r\n                \"slidesToScroll\": 1,\r\n                \"vertical\": true,\r\n                \"verticalSwiping\": true,\r\n                \"asNavFor\": \".halo-spacial-product .halo-productView-left .productView-nav\",\r\n                \"nextArrow\": \"<svg class=&apos;slick-next slick-arrow&apos; aria-label=&apos;Next Slide&apos;><use xlink:href=&apos;#slick-arrow-next&apos;></use></svg>\", \r\n                \"prevArrow\": \"<svg class=&apos;slick-prev slick-arrow&apos; aria-label=&apos;Previous Slide&apos;><use xlink:href=&apos;#slick-arrow-prev&apos;></use></svg>\",\r\n                \"responsive\": [\r\n                    {\r\n                        \"breakpoint\": 1281,\r\n                        \"settings\": {\r\n                            \"slidesToShow\": 4,\r\n                            \"slidesToScroll\": 1\r\n                        }\r\n                    },\r\n                    {\r\n                        \"breakpoint\": 992,\r\n                        \"settings\": {\r\n                            \"vertical\": false,\r\n                            \"verticalSwiping\": false,\r\n                            \"slidesToShow\": 5,\r\n                            \"slidesToScroll\": 1\r\n                        }\r\n                    },\r\n                    {\r\n                        \"breakpoint\": 415,\r\n                        \"settings\": {\r\n                            \"vertical\": false,\r\n                            \"verticalSwiping\": false,\r\n                            \"slidesToShow\": 4,\r\n                            \"slidesToScroll\": 1\r\n                        }\r\n                    },\r\n                    {\r\n                        \"breakpoint\": 321,\r\n                        \"settings\": {\r\n                            \"vertical\": false,\r\n                            \"verticalSwiping\": false,\r\n                            \"slidesToShow\": 3,\r\n                            \"slidesToScroll\": 1\r\n                        }\r\n                    }\r\n                ]\r\n            }'>\r\n                {{#each product.images}}\r\n                    <div>\r\n                        <div class=\"productView-thumbnail\">\r\n                            <a\r\n                                class=\"productView-thumbnail-link\"\r\n                                href=\"{{getImageSrcset this (cdn ../theme_settings.default_image_product) 1x=../theme_settings.zoom_size}}\"\r\n                                data-image-gallery-item\r\n                                data-image-gallery-new-image-url=\"{{getImageSrcset this (cdn ../theme_settings.default_image_product) 1x=../theme_settings.product_size}}\"\r\n                                data-image-gallery-new-image-srcset=\"{{getImageSrcset this use_default_sizes=true}}\"\r\n                                data-image-gallery-zoom-image-url=\"{{getImageSrcset this (cdn ../theme_settings.default_image_product) 1x=../theme_settings.zoom_size}}\"\r\n                            >\r\n                            {{> components/common/responsive-img\r\n                                image=this\r\n                                fallback_size=../theme_settings.productview_thumb_size\r\n                                lazyload=../theme_settings.lazyload_mode\r\n                            }}\r\n                            </a>\r\n                        </div>\r\n                    </div>\r\n                {{/each}}\r\n                {{#if product.videos.list.length}}\r\n                    {{#each product.videos.list}}\r\n                        <div>\r\n                            <div class=\"productView-thumbnail\">\r\n                                <a\r\n                                    class=\"productView-thumbnail-link productView-thumbnail-linkVideo\"\r\n                                    href=\"//www.youtube.com/embed/{{id}}\"\r\n                                    data-image-gallery-item\r\n                                >\r\n                                    <span class=\"videoText\">\r\n                                        <svg class=\"icon\"><use xlink:href=\"#icon-video-product\"></use></svg>\r\n                                        <span class=\"text\">{{lang 'products.video'}}</span>\r\n                                    </span>\r\n                                </a>\r\n                            </div>\r\n                        </div>\r\n                    {{/each}}\r\n                {{/if}}\r\n            </div>\r\n        </div>\r\n    </div>\r\n    <div class=\"halo-productView-right\">\r\n        <div class=\"productView-details\">\r\n            <div class=\"productView-product\">\r\n                \r\n                <div class=\"productView-topInfo\">\r\n                    <h3 class=\"productView-title\">\r\n                        <a href=\"{{product.url}}\">{{product.title}}</a>\r\n                    </h3>\r\n                    <div class=\"productView-desc\">{{{ellipsis product.description 160}}}</div>\r\n                </div>\r\n                \r\n\r\n                <div class=\"productView-bottom\">\r\n                    <div class=\"productView-price\">\r\n                        {{#or customer (if theme_settings.restrict_to_login '!==' true)}}\r\n                            {{> components/products/price price=product.price hideCurrentcy=true}}\r\n                        {{else}}\r\n                            {{> components/common/login-for-pricing}}\r\n                        {{/or}}\r\n                        {{#if product.call_for_price}}\r\n                            <p><span>{{product.call_for_price}}</span></p>\r\n                        {{/if}}\r\n                    </div>\r\n                </div>\r\n            </div>\r\n\r\n            <div class=\"productView-options\">\r\n                <form class=\"form\" method=\"post\" action=\"{{product.cart_url}}\" enctype=\"multipart/form-data\" data-cart-item-add>\r\n                    <input type=\"hidden\" name=\"action\" value=\"add\">\r\n                    <input type=\"hidden\" name=\"product_id\" value=\"{{product.id}}\"/>\r\n\r\n                    {{#if product.options}}\r\n                        <div class=\"productView-optionsLabel\">{{lang 'products.choose_options'}}:</div>\r\n                    {{/if}}\r\n\r\n                    <div data-product-option-change style=\"display:none;\">\r\n                        {{#each product.options}}\r\n                            {{{dynamicComponent 'components/products/options'}}}\r\n                        {{/each}}\r\n                    </div>\r\n\r\n                    {{#if product.options}}\r\n                        {{> components/products/add-to-cart-3}}\r\n                    {{else}}\r\n                        {{#if product.can_purchase}}\r\n                            {{> components/products/add-to-cart-3}}\r\n                        {{/if}}\r\n                        {{#if product.out_of_stock}}\r\n                            <div class=\"productView-actions\">\r\n                                {{#if product.out_of_stock_message}}\r\n                                    <div class=\"form-action form-action2\">\r\n                                        <span class=\"form-action-text\">\r\n                                            <svg class=\"icon\"><use xlink:href=\"#icon-info2\"></use></svg>\r\n                                            <span class=\"text\">{{product.out_of_stock_message}}</span>\r\n                                        </span>\r\n                                    </div>\r\n                                {{else}}\r\n                                    <div class=\"form-action form-action2\">\r\n                                        <span class=\"form-action-text\">\r\n                                            <svg class=\"icon\"><use xlink:href=\"#icon-info2\"></use></svg>\r\n                                            <span class=\"text\">{{lang products.sold_out}}</span>\r\n                                        </span>\r\n                                    </div>\r\n                                {{/if}}\r\n                            </div>\r\n                        {{/if}}\r\n                    {{/if}}\r\n                </form>\r\n            </div>\r\n\r\n            <div class=\"productView-total\">\r\n                <span class=\"total-value\">0.00</span>\r\n                Lei\r\n            </div>\r\n        </div>\r\n    </div>\r\n</div>\r\n",
  "components/common/responsive-img": "{{!--\nThis file implements the lazysizes srcset pattern (as seen on\nhttps://github.com/aFarkas/lazysizes#modern-transparent-srcset-pattern) for maximum performance on modern browsers\nand reasonable compatibility with legacy browsers.\n\nThere are a few important arguments to know about when using this component:\n`lazyload`:\n    - If set to 'lazyload+lqip', will load a low-res image which will be replaced by lazysizes - ensuring that SOME\n    content is shown immediately on page load. Without LQIP, a transparent gif will be used instead, which reduces\n    the number of requests needed to load the page, making it even faster.\n    - If set to 'lazyload', the browser will not load the full-size image at first, instead the lazysizes plugin will\n        load it progressively after page load. This improves the load speed of the page, but it should be disabled for\n        high-priority above-the-fold images.\n    - If set to 'disabled', will not attempt to lazyload the image and instead tell the browser to load it immediately.\n        Use this for high-priority images that are above the fold.\n\n`fallback_size`:\n    This is the size to use for this image in legacy browsers that do not support srcset.\n    Can be defined as a pixel bounding-box size (e.g. \"123x123) or inherent width (e.g. \"123w\").\n\n`class`:\n    The CSS classes to add to the image, e.g. \"card-image\". If lazyloading is enabled, all images will have the\n    \"lazyload\" class so that lazysizes will target them automatically.\n\n`otherAttributes`:\n    Any other HTML attributes you want on the img tag, for example \"height='100' width='100'\"\n\n`default_image`:\n    The default image to use if `image` is undefined or falsy. Should be a theme asset, usually defined as a relative\n    path in the theme config. If a default image is not provided, you'll get an image tag with no image if the primary\n    image is undefined.\n\n`lqip_size`:\n    If you want to specify a particular size for the LQIP image, you can do so with this argument. A default of 80\n    pixels wide will be used otherwise. This argument has no effect if the lazyload mode is not \"lazyload+lqip\".\n\n--}}\n<img {{#if image}}{{!-- Get the default image for legacy browsers that do not support srcset\n--}}src=\"{{getImageSrcset image 1x=(default fallback_size '160w')}}\" alt=\"{{image.alt}}\" title=\"{{image.alt}}\" {{!--\n  Allow lazysizes to generate the 'sizes' attribute automatically --}}data-sizes=\"auto\"\n  {{#unless lazyload '==' 'disabled'}}\n    {{#if lazyload '==' 'lazyload+lqip'}}\n    {{!-- If we want a LQIP, include it as the default srcset (will be overwritten by lazysizes) --}}\n    srcset=\"{{getImageSrcset image 1x=(default lqip_size '80w')}}\"\n    {{else}}\n      {{!-- If we don't want a LQIP, use a 1px transparent gif for the stand-in image\n            This requires no additional network request, so it's fast --}}\n    srcset=\"data:image/gif;base64,R0lGODlhAQABAIAAAP///wAAACH5BAEAAAAALAAAAAABAAEAAAICRAEAOw==\"\n    {{/if}}\n{{/unless}}\n{{!-- If lazyloading is disabled, just use \"srcset\". If it is not disabled, use \"data-srcset\" so lazysizes will use\n      this after page load --}}\n{{!--\nGenerate the srcset string using the default sizes defined in the helper. This will allow the browser to\npick the best-sized image based on its own understanding of how it will render the page.\n--}}\n{{#unless lazyload '==' 'disabled'}}data-{{/unless}}srcset=\"{{getImageSrcset image use_default_sizes=true }}\"\n{{else if default_image}}src=\"{{cdn default_image}}\" alt=\"{{lang 'products.card_default_image_alt'}}\"{{/if}}\nclass=\"{{#unless lazyload '==' 'disabled'}}lazyload{{/unless}}{{#if class}} {{class}}{{/if}}\"\n{{#if lazyload '==' 'lazyload'}}loading=\"lazy\"{{/if}}\n{{otherAttributes}} />\n",
  "components/common/login-for-pricing": "<p translate>Log in for pricing</p>\n",
  "components/products/price": "{{!-- There are 2 code paths for generating the PDP pricing HTML determined by the following #and condition.\nIf a 'price_range' exists then we generate all HTML in price-range.html, otherwise it is defined here. Both code\npaths generate the same HTML structure with some differences in whether that element is displayed by default (css styling).\n\nIf you are making a change here or in price-range.html, you probably want to make that change in both files. --}}\n\n{{#and price.price_range (if theme_settings.price_ranges '==' true)}}\n    {{> components/products/price-range price=price}}\n{{else}}\n    {{#if price.with_tax}}\n        <div class=\"price-section price-section--withTax rrp-price--withTax\" {{#unless price.rrp_with_tax}}style=\"display: none;\"{{/unless}}>\n            <span data-page-builder-key=\"pdp-retail-price-label\" data-default-translation=\"{{lang \"page_builder.pdp-retail-price-label\"}}\">\n                {{theme_settings.pdp-retail-price-label}}\n            </span>\n            <span data-product-rrp-with-tax class=\"price price--rrp\">\n                {{price.rrp_with_tax.formatted}}\n            </span>\n        </div>\n        <div class=\"price-section price-section--withTax non-sale-price--withTax{{#unless price.non_sale_price_with_tax}} price-none{{/unless}}\" {{#unless price.non_sale_price_with_tax}}style=\"display: none;\"{{/unless}}>\n            <span data-page-builder-key=\"pdp-non-sale-price-label\" data-default-translation=\"{{lang \"page_builder.pdp-non-sale-price-label\"}}\">\n                {{theme_settings.pdp-non-sale-price-label}}\n            </span>\n            <span data-product-non-sale-price-with-tax class=\"price price--non-sale\">\n                {{price.non_sale_price_with_tax.formatted}}\n            </span>\n        </div>\n        <div class=\"price-section price-section--withTax\">\n            <span class=\"price-label\" {{#if price.non_sale_price_with_tax}}style=\"display: none;\"{{/if}}>\n                {{theme_settings.pdp-price-label}}\n            </span>\n            <span class=\"price-now-label\"\n                  {{#unless price.non_sale_price_with_tax}}style=\"display: none;\"{{/unless}}\n                  data-page-builder-key=\"pdp-sale-price-label\"\n                  data-default-translation=\"{{lang \"page_builder.pdp-sale-price-label\"}}\"\n            >\n                {{theme_settings.pdp-sale-price-label}}\n            </span>\n            <span data-product-price-with-tax class=\"price price--withTax\" data-value-price=\"{{price.with_tax.formatted}}\">{{price.with_tax.formatted}}</span>\n            {{#if price.without_tax}}\n                <abbr title=\"{{lang 'products.including_tax'}}\">{{lang 'products.price_with_tax' tax_label=price.tax_label}}</abbr>\n            {{/if}}\n\n            {{#if hideCurrentcy}}\n                <span style=\"display: none;\" class=\"custom-price-value\">{{price.with_tax.value}}</span>\n            {{/if}}\n        </div>\n    {{/if}}\n    {{#if price.without_tax}}\n        <div class=\"price-section price-section--withoutTax rrp-price--withoutTax{{#if price.with_tax}} price-section--minor{{/if}}\" {{#unless price.rrp_without_tax}}style=\"display: none;\"{{/unless}}>\n            <span data-page-builder-key=\"pdp-retail-price-label\" data-default-translation=\"{{lang \"page_builder.pdp-retail-price-label\"}}\">\n                {{theme_settings.pdp-retail-price-label}}\n            </span>\n            <span data-product-rrp-price-without-tax class=\"price price--rrp\">\n                {{price.rrp_without_tax.formatted}}\n            </span>\n        </div>\n        <div class=\"price-section price-section--withoutTax non-sale-price--withoutTax{{#if price.with_tax}} price-section--minor{{/if}}{{#unless price.non_sale_price_without_tax}} price-none{{/unless}}\" {{#unless price.non_sale_price_without_tax}}style=\"display: none;\"{{/unless}}>\n            <span data-page-builder-key=\"pdp-non-sale-price-label\" data-default-translation=\"{{lang \"page_builder.pdp-non-sale-price-label\"}}\">\n                {{theme_settings.pdp-non-sale-price-label}}\n            </span>\n            <span data-product-non-sale-price-without-tax class=\"price price--non-sale\">\n                {{price.non_sale_price_without_tax.formatted}}\n            </span>\n        </div>\n        <div class=\"price-section price-section--withoutTax\">\n            <span class=\"price-label\" {{#if price.non_sale_price_without_tax}}style=\"display: none;\"{{/if}}>\n                {{theme_settings.pdp-price-label}}\n            </span>\n            <span class=\"price-now-label\"\n                  {{#unless price.non_sale_price_without_tax}}style=\"display: none;\"{{/unless}}\n                  data-page-builder-key=\"pdp-sale-price-label\"\n                  data-default-translation=\"{{lang \"page_builder.pdp-sale-price-label\"}}\"\n            >\n                {{theme_settings.pdp-sale-price-label}}\n            </span>\n            <span data-product-price-without-tax class=\"price price--withoutTax{{#if price.with_tax}} price-section--minor{{/if}}\" data-value-price=\"{{price.without_tax.formatted}}\">{{price.without_tax.formatted}}</span>\n            {{#if price.with_tax}}\n                <abbr title=\"{{lang 'products.excluding_tax'}}\">{{lang 'products.price_without_tax' tax_label=price.tax_label}}</abbr>\n            {{/if}}\n        </div>\n    {{/if}}\n    {{#if page_type '===' 'product'}}\n         <div class=\"price-section price-section--saving price\" {{#unless price.saved}}style=\"display: none;\"{{/unless}}>\n                <span class=\"price\">{{lang 'products.you_save_opening_text'}}</span>\n                <span data-product-price-saved class=\"price price--saving\">\n                    {{price.saved.formatted}}\n                </span>\n                <span class=\"price\">{{lang 'products.you_save_closing_bracket'}}</span>\n         </div>\n    {{/if}}\n{{/and}}\n",
  "components/products/add-to-cart-3": "<div class=\"alertBox alertBox--error productAttributes-message\" style=\"display:none\">\r\n    <div class=\"alertBox-column alertBox-icon\">\r\n        <icon glyph=\"ic-success\" class=\"icon\" aria-hidden=\"true\"><svg xmlns=\"http://www.w3.org/2000/svg\" width=\"24\" height=\"24\" viewBox=\"0 0 24 24\"><path d=\"M12 2C6.48 2 2 6.48 2 12s4.48 10 10 10 10-4.48 10-10S17.52 2 12 2zm1 15h-2v-2h2v2zm0-4h-2V7h2v6z\"></path></svg></icon>\r\n    </div>\r\n    <!-- <p class=\"alertBox-column alertBox-message\"></p> -->\r\n    <p class=\"alertBox-column alertBox-column-product\">Stoc epuizat</p>\r\n</div>\r\n<div class=\"productView-actions\">\r\n    {{#if theme_settings.show_product_quantity_box}}\r\n        <div class=\"form-field form-field--increments custom-increments-page\">\r\n            <label class=\"form-label\" for=\"qty[]\">{{lang 'products.quantity'}}</label>\r\n            <div class=\"form-increment\" data-quantity-change>\r\n                <button class=\"button button--icon\" data-action=\"dec\">\r\n                    <span class=\"is-srOnly\">{{lang 'products.quantity_decrease'}}</span>\r\n                </button>\r\n                <input class=\"form-input form-input--incrementTotal\"\r\n                    id=\"qty[]\"\r\n                    name=\"qty[]\"\r\n                    type=\"number\"\r\n                    value=\"{{#if product.min_purchase_quantity}}{{product.min_purchase_quantity}}{{else}}1{{/if}}\"\r\n                    data-quantity-min=\"{{product.min_purchase_quantity}}\"\r\n                    data-quantity-max=\"{{product.max_purchase_quantity}}\"\r\n                    min=\"1\"\r\n                    pattern=\"[0-9]*\"\r\n                    aria-live=\"polite\"\r\n                >\r\n                <button class=\"button button--icon\" data-action=\"inc\">\r\n                    <span class=\"is-srOnly\">{{lang 'products.quantity_increase'}}</span>\r\n                </button>\r\n            </div>\r\n        </div>\r\n    {{/if}}\r\n\r\n    <div class=\"form-actionFix{{#unless theme_settings.show_product_quantity_box}} form-actionFix2{{/unless}}\">\r\n        {{#or customer (if theme_settings.restrict_to_login '!==' true)}}\r\n            <div class=\"form-action{{#unless theme_settings.show_product_quantity_box}} form-action2{{/unless}}\" role=\"status\" aria-live=\"polite\">\r\n                <!-- Check Email Invalid -->    \r\n                <p style=\"display: none;\" class=\"check-email-error-text custom-page-text-small\">Please enter a valid email address.</p>\r\n\r\n                <input data-wait-message=\"{{lang 'products.adding_to_cart'}}\" class=\"button button--secondary form-action-addToCart\" type=\"submit\"\r\n                    value=\"{{#if product.pre_order}}{{lang 'products.pre_order'}}{{else}}{{lang 'products.add_to_cart_product'}}{{/if}}\" {{#if product.can_purchase}}{{else}}disabled {{/if}}>\r\n            </div>\r\n        {{else}}\r\n            <div class=\"form-action{{#unless theme_settings.show_product_quantity_box}} form-action2{{/unless}}\">\r\n                <span class=\"form-action-text\">\r\n                    <span class=\"text\">{{lang 'common.restrict_to_login'}}</span>\r\n                </span>\r\n            </div>\r\n        {{/or}}\r\n    </div>\r\n</div>\r\n{{#or customer (if theme_settings.restrict_to_login '!==' true)}}\r\n    {{#if theme_settings.halo_buy_it_now}}\r\n        <div class=\"productView-actions productView-actions--buyItNow\">\r\n            <div class=\"form-action form-action--buyItNow\">\r\n                <input id=\"form-action-buyItNow\" data-wait-message=\"{{lang 'products.adding_to_cart'}}\" class=\"button button--primary button--buyItNow\" type=\"submit\"\r\n                value=\"{{lang 'products.buy_it_now'}}\">\r\n            </div>\r\n        </div>\r\n    {{/if}}\r\n{{/or}}\r\n\r\n",
  "components/products/options/input-checkbox": "<div class=\"form-field\" data-product-attribute=\"input-checkbox\">\n    <label class=\"form-label form-label--inlineSmall\">\n        {{display_name}}\n        {{> components/common/requireness-msg}}\n    </label>\n    <input type=\"hidden\" name=\"attribute[{{id}}]\" value=\"{{noValue}}\" />\n    <div class=\"form-checkbox-{{id}}\">\n        <input\n            class=\"form-checkbox\"\n            type=\"checkbox\"\n            name=\"attribute[{{id}}]\"\n            id=\"attribute-check-{{id}}\"\n            value=\"{{value}}\"\n            {{#if checked}}\n                checked\n                data-default\n            {{/if}}\n            {{#if required}}required{{/if}}>\n\n        <label class=\"form-label form-checkbox-child {{class}}\" for=\"attribute-check-{{id}}\">{{label}}</label>\n    </div>\n</div>\n",
  "components/products/options/input-file": "<div class=\"form-field\" data-product-attribute=\"input-file\">\n    <label class=\"form-label form-label--inlineSmall\" for=\"attribute_file_{{id}}\">\n        {{ this.display_name }}\n        {{> components/common/requireness-msg}}\n    </label>\n\n    <input class=\"form-file\" type=\"file\" id=\"attribute_file_{{id}}\" name=\"attribute[{{this.id}}]\" {{#if required}}required{{/if}}>\n    {{#if original_name}}\n        {{{lang 'products.file_option_set' url=file_url name=original_name}}}\n        <label>{{lang 'cart.remove_file'}}<input type=\"checkbox\" name=\"{{file_remove}}\"></label>\n    {{/if}}\n    <p class=\"form-fileDescription\">\n        {{#if file_size}}\n            {{lang 'products.max_filesize'}}\n            <strong>{{file_size}}{{lang 'products.kilobytes_abbreviation'}}</strong>,\n        {{/if}}\n        {{#if file_types}}\n            {{lang 'products.filetypes'}} <strong>{{file_types}}</strong>\n        {{/if}}\n    </p>\n\n</div>\n",
  "components/products/options/date": "<div class=\"form-field\" data-product-attribute=\"date\">\n    <label class=\"form-label form-label--inlineSmall\" {{#if style}}style=\"{{style}}\" {{/if}}>\n        {{this.display_name}}\n        {{> components/common/requireness-msg}}\n    </label>\n    <select class=\"form-select form-select--date\" name=\"attribute[{{this.id}}][month]\" {{#if required}}required{{/if}}>\n        <option value=\"\">{{lang 'common.month'}}</option>\n        {{#for 1 12}}\n            <option value=\"{{$index}}\" {{#if ../selected_date.month '==' $index}}selected=\"selected\"{{/if}}>\n                {{lang (concat 'common.short_months.' $index)}}\n            </option>\n        {{/for}}\n    </select>\n    <select class=\"form-select form-select--date\" name=\"attribute[{{this.id}}][day]\" {{#if required}}required{{/if}}>\n        <option value=\"\">{{lang 'common.day'}}</option>\n        {{#for 1 31}}\n            <option value=\"{{$index}}\" {{#if ../selected_date.day '==' $index}}selected=\"selected\"{{/if}}>\n                {{$index}}\n            </option>\n        {{/for}}\n    </select>\n    <select class=\"form-select form-select--date\" name=\"attribute[{{this.id}}][year]\" {{#if required}}required{{/if}}>\n        <option value=\"\">{{lang 'common.year'}}</option>\n        {{#for earliest_year latest_year}}\n            <option value=\"{{$index}}\" {{#if ../selected_date.year '==' $index}}selected=\"selected\"{{/if}}>\n                {{$index}}\n            </option>\n        {{/for}}\n        {{#if earliest_year '==' latest_year}}\n        <option value=\"{{earliest_year}}\" selected=\"selected\">{{earliest_year}}</option>\n        {{/if}}\n    </select>\n</div>\n",
  "components/products/options/input-text": "<div class=\"form-field\" data-product-attribute=\"input-text\">\n    <label class=\"form-label form-label--inlineSmall\" for=\"attribute_text_{{id}}\">\n        {{ this.display_name }}\n        {{> components/common/requireness-msg}}\n    </label>\n\n    <input class=\"form-input form-input--small\" type=\"text\" id=\"attribute_text_{{id}}\" name=\"attribute[{{this.id}}]\" value=\"{{this.prefill}}\" {{#if required}}required{{/if}} {{#if max_length}}maxlength=\"{{max_length}}\"{{/if}}>\n</div>\n",
  "components/products/options/input-numbers": "<div class=\"form-field\" data-product-attribute=\"input-number\">\n    <label class=\"form-label form-label--inlineSmall\" for=\"attribute_number_{{id}}\">\n        {{ this.display_name }}\n        {{> components/common/requireness-msg}}\n    </label>\n\n    <input class=\"form-input\" type=\"number\" id=\"attribute_number_{{id}}\" {{#unless this.integer_only}}step=\"any\"{{/unless}} name=\"attribute[{{this.id}}]\" value=\"{{this.prefill}}\" {{#if required}}required{{/if}}>\n</div>\n",
  "components/products/options/set-rectangle": "<div class=\"form-field\" data-product-attribute=\"set-rectangle\" data-product-option-id=\"{{id}}\" role=\"radiogroup\" aria-labelledby=\"rectangle-group-label\">\n    <label class=\"form-label form-label--alternate form-label--inlineSmall\" id=\"rectangle-group-label\">\n        {{this.display_name}}\n        {{> components/common/requireness-msg}}\n        <span data-option-value></span>\n    </label>\n\n    {{#unless required}}\n        <input\n            class=\"form-radio\"\n            type=\"radio\"\n            id=\"attribute_rectangle__{{../id}}_none\"\n            name=\"attribute[{{../id}}]\"\n            value=\"\"\n            checked=\"{{#if defaultValue '==' ''}}checked{{/if}}\"\n            data-title=\"{{this.label}}\"\n            data-index=\"{{@index}}\"\n        >\n        <label class=\"form-option\" for=\"attribute_rectangle__{{../id}}_none\">\n            <span class=\"form-option-variant\">{{lang 'products.none'}}</span>\n        </label>\n    {{/unless}}\n\n    <div class=\"option-value-size\">\n        {{#each this.values}}\n            <input data-filter=\".filter-{{camelcase this.label}}\"\n                class=\"form-radio\"\n                type=\"radio\"\n                id=\"attribute_rectangle__{{../id}}_{{id}}\"\n                name=\"attribute[{{../id}}]\"\n                value=\"{{id}}\"\n                {{#if selected}}\n                    checked\n                    data-default\n                {{/if}}\n                {{#if ../required}}required{{/if}}\n                data-title=\"{{this.label}}\"\n                data-index=\"{{@index}}\"\n            >\n            <label class=\"form-option form-option-rectangle\" for=\"attribute_rectangle__{{../id}}_{{id}}\" data-product-attribute-value=\"{{id}}\">\n                <span class=\"form-option-variant\"><span>{{this.label}}</span></span>\n            </label>\n        {{/each}}\n    </div>\n</div>\n",
  "components/products/options/product-list": "<div class=\"form-field\" data-product-attribute=\"product-list\" role=\"radiogroup\" aria-labelledby=\"product-list-label\">\n    <label class=\"form-label form-label--inlineSmall\" id=\"product-list-label\">\n        {{display_name}}\n        {{> components/common/requireness-msg}}\n        <span data-option-value></span>\n    </label>\n\n    {{#if values.0.image}}\n        <ul class=\"productOptions-list haloCustomScrollbar\">\n            {{#unless required}}\n                <li class=\"productOptions-list-item\">\n                    <input class=\"form-radio\"\n                           type=\"radio\"\n                           name=\"attribute[{{id}}]\"\n                           value=\"\"\n                           id=\"attribute_productlist_{{../id}}_none\"\n                           checked=\"{{#if defaultValue '==' ''}}checked{{/if}}\">\n                    <label class=\"form-label\" for=\"attribute_productlist_{{../id}}_none\">{{lang 'products.none'}}</label>\n                </li>\n            {{/unless}}\n            {{#each values}}\n                <li class=\"productOptions-list-item\" data-product-attribute-value=\"{{id}}\">\n                    {{#if image}}\n                        <figure class=\"productOptions-list-item-figure\">\n                            {{> components/common/responsive-img\n                                image=image\n                                class=\"productOptions-list-item-image\"\n                                lazyload='lazyload+lqip'\n                            }}\n                        </figure>\n                    {{/if}}\n                    <div class=\"productOptions-list-item-content\">\n                        <input\n                            class=\"form-radio\"\n                            type=\"radio\"\n                            name=\"attribute[{{../id}}]\"\n                            value=\"{{id}}\"\n                            id=\"attribute_productlist_{{../id}}_{{id}}\"\n                            {{#if selected}}\n                                checked\n                                data-default\n                            {{/if}}\n                            {{#if ../required}}required{{/if}}>\n                        <label data-product-attribute-value=\"{{id}}\" class=\"form-label\" for=\"attribute_productlist_{{../id}}_{{id}}\">{{label}}</label>\n                    </div>\n                </li>\n            {{/each}}\n        </ul>\n    {{else}}\n        {{#unless required}}\n        <input class=\"form-radio\"\n               type=\"radio\"\n               name=\"attribute[{{id}}]\"\n               value=\"0\"\n               id=\"attribute_productlist_0_{{id}}\"\n               {{#if defaultValue '==' 0}}checked{{/if}}>\n        <label class=\"form-label\" for=\"attribute_productlist_0_{{id}}\">{{lang 'products.none'}}</label>\n        {{/unless}}\n        {{#each values}}\n            <input\n                class=\"form-radio\"\n                type=\"radio\"\n                name=\"attribute[{{../id}}]\"\n                value=\"{{id}}\"\n                id=\"attribute_productlist_{{../id}}_{{id}}\"\n                {{#if selected}}checked{{/if}}\n                {{#if ../required}}required{{/if}}>\n            <label data-product-attribute-value=\"{{id}}\" class=\"form-label\" for=\"attribute_productlist_{{../id}}_{{id}}\">{{label}}</label>\n        {{/each}}\n    {{/if}}\n</div>\n",
  "components/products/options/set-select": "<div class=\"form-field\" data-product-attribute=\"set-select\" data-product-option-id=\"{{id}}\">\n    <label class=\"form-label form-label--inlineSmall\" for=\"attribute_select_{{id}}\">\n        {{ this.display_name }}:\n        <!-- {{> components/common/requireness-msg}}\n        <span data-option-value></span> -->\n    </label>\n\n    <select class=\"form-select form-select--small\" name=\"attribute[{{this.id}}]\" id=\"attribute_select_{{id}}\" {{#if required}}required{{/if}}>\n        <option value=\"\">{{lang 'products.choose_options'}}</option>\n        {{#each this.values}}\n            <option data-filter=\".filter-{{camelcase this.label}}\" data-product-attribute-value=\"{{id}}\" value=\"{{id}}\" {{#if selected}}selected data-default{{/if}} data-title=\"{{label}}\" data-index=\"{{@index}}\">{{label}}</option>\n        {{/each}}\n    </select>\n</div>\n",
  "components/products/options/set-radio": "<div class=\"form-field\" data-product-attribute=\"set-radio\" data-product-option-id=\"{{id}}\" role=\"radiogroup\" aria-labelledby=\"radio-group-label\">\n    <label class=\"form-label form-label--inlineSmall\" id=\"radio-group-label\">\n        {{ this.display_name }}\n        {{> components/common/requireness-msg}}\n        <span data-option-value></span>\n    </label>\n\n    {{#unless required}}\n        <input\n            class=\"form-radio\"\n            type=\"radio\"\n            id=\"attribute_radio_{{../id}}_none\"\n            name=\"attribute[{{../id}}]\"\n            value=\"\"\n            checked=\"{{#if defaultValue '==' ''}}checked{{/if}}\"\n            data-title=\"{{this.label}}\"\n            data-index=\"{{@index}}\"\n        >\n        <label class=\"form-label\" for=\"attribute_radio_{{../id}}_none\">{{lang 'products.none'}}</label>\n    {{/unless}}\n\n    <div class=\"form-radio-all\">\n        {{#each this.values}}\n            <div class=\"form-radio-{{@index}}\">\n                <input data-filter=\".filter-{{camelcase this.label}}\"\n                    class=\"form-radio\"\n                    type=\"radio\"\n                    id=\"attribute_radio_{{../id}}_{{id}}\"\n                    name=\"attribute[{{../id}}]\"\n                    value=\"{{id}}\"\n                    {{#if selected}}\n                        checked\n                        data-default\n                    {{/if}}\n                    {{#if ../required}}required{{/if}}\n                    data-title=\"{{this.label}}\"\n                    data-index=\"{{@index}}\"\n                >\n                <label data-product-attribute-value=\"{{id}}\" class=\"form-label form-radio-child\" for=\"attribute_radio_{{../id}}_{{id}}\">{{this.label}}</label>\n            </div>\n        {{/each}}\n    </div>\n</div>\n",
  "components/products/options/textarea": "<div class=\"form-field\" data-product-attribute=\"textarea\">\n    <label class=\"form-label form-label--inlineSmall\" for=\"attribute_textarea_{{id}}\">\n        {{display_name}}\n        {{> components/common/requireness-msg}}\n    </label>\n\n    <textarea class=\"form-input\" id=\"attribute_textarea_{{id}}\" name=\"attribute[{{id}}]\" {{#if required}}required{{/if}} {{#if max_length}}maxlength={{max_length}}{{/if}}>{{prefill}}</textarea>\n</div>\n",
  "components/products/options/swatch": "<div class=\"form-field\" data-product-attribute=\"swatch\" data-product-option-id=\"{{id}}\" role=\"radiogroup\" aria-labelledby=\"swatchGroup\">\n    <label class=\"form-label form-label--inlineSmall\" data-option-name=\"{{this.display_name}}\" id=\"swatchGroup\">\n        <!-- start change -->\n\n        {{ this.display_name }}:\n        <!-- {{> components/common/requireness-msg}}  -->\n        <!-- <span data-option-value></span> -->\n\n        <!-- end change -->\n    </label>\n\n    {{#unless required}}\n        <input\n            class=\"form-radio\"\n            type=\"radio\"\n            name=\"attribute[{{../id}}]\"\n            value=\"\"\n            id=\"attribute_swatch_{{../id}}_none\"\n            checked=\"{{#if defaultValue '==' ''}}checked{{/if}}\"\n            aria-label=\"{{lang 'products.none'}}\"\n            data-title=\"{{this.label}}\"\n            data-index=\"{{@index}}\"\n        >\n        <label class=\"form-option form-option-swatch\" for=\"attribute_swatch_{{../id}}_none\">\n            <span class='form-option-variant form-option-variant--none' title=\"{{lang 'products.none'}}\">{{lang 'products.none'}}</span>\n        </label>\n    {{/unless}}\n\n    {{#each this.values}}\n        <input data-filter=\".filter-{{camelcase this.label}}\"\n            class=\"form-radio\"\n            type=\"radio\"\n            name=\"attribute[{{../id}}]\"\n            value=\"{{id}}\"\n            id=\"attribute_swatch_{{../id}}_{{id}}\"\n            {{#if selected}}checked data-default{{/if}}\n            {{#if ../required}}required{{/if}}\n            aria-label=\"{{this.label}}\"\n            data-title=\"{{this.label}}\"\n            data-index=\"{{@index}}\"\n        >\n        <label class=\"form-option form-option-swatch\" for=\"attribute_swatch_{{../id}}_{{id}}\" data-product-attribute-value=\"{{id}}\">\n            {{#if image}}\n                <span class='form-option-variant form-option-variant--pattern' title=\"{{this.label}}\" style=\"background-image: url('{{getImage image \"swatch_option_size\"}}');\"></span>\n            {{/if}}\n            {{#if data.[2]}}\n                <span class='form-option-variant form-option-variant--color form-option-variant--color2' title=\"{{this.label}}\">\n                    <span style=\"background-color: #{{data.[0]}}\"></span>\n                    <span style=\"background-color: #{{data.[1]}}\"></span>\n                    <span style=\"background-color: #{{data.[2]}}\"></span>\n                </span>\n            {{else}}\n                {{#if data.[1]}}\n                    <span class='form-option-variant form-option-variant--color form-option-variant--color2' title=\"{{this.label}}\">\n                        <span style=\"background-color: #{{data.[0]}}\"></span>\n                        <span style=\"background-color: #{{data.[1]}}\"></span>\n                    </span>\n                {{else}}\n                    {{#if data.[0]}}\n                        <span class='form-option-variant form-option-variant--color' title=\"{{this.label}}\" style=\"background-color: #{{data.[0]}}\"></span>\n                    {{/if}}\n                {{/if}}\n            {{/if}}\n            {{#if pattern}}\n                <span class=\"form-option-expanded\">\n                    <span class=\"form-option-image\" style=\"background-image: url('{{getImage image 'core-swatch'}}');\"></span>\n                </span>\n            {{/if}}\n        </label>\n    {{/each}}\n</div>\n",
  "components/products/price-range": "{{#and price.retail_price_range.min.with_tax price.retail_price_range.max.with_tax}}\n    <div class=\"price-section price-section--withTax rrp-price--withTax\">\n        <span data-page-builder-key=\"pdp-retail-price-label\" data-default-translation=\"{{lang \"page_builder.pdp-retail-price-label\"}}\">\n            {{theme_settings.pdp-retail-price-label}}\n        </span>\n        <span data-product-rrp-price-with-tax class=\"price price--rrp\">{{price.retail_price_range.min.with_tax.formatted}} - {{price.retail_price_range.max.with_tax.formatted}}</span>\n    </div>\n{{else}}\n    {{#if price.with_tax}}\n        <div class=\"price-section price-section--withTax rrp-price--withTax\" style=\"display: none;\">\n            <span data-page-builder-key=\"pdp-retail-price-label\" data-default-translation=\"{{lang \"page_builder.pdp-retail-price-label\"}}\">\n                {{theme_settings.pdp-retail-price-label}}\n            </span>\n            <span data-product-rrp-with-tax class=\"price price--rrp\">\n                {{price.rrp_with_tax.formatted}}\n            </span>\n        </div>\n    {{/if}}\n{{/and}}\n{{#and price.price_range.min.with_tax price.price_range.max.with_tax}}\n    {{!-- Never display the \"non-sales price\" if there is a price range to be shown, but we do want the element on the page --}}\n    <div class=\"price-section price-section--withTax non-sale-price--withTax price-none\" style=\"display: none;\">\n        <span data-page-builder-key=\"pdp-non-sale-price-label\" data-default-translation=\"{{lang \"page_builder.pdp-non-sale-price-label\"}}\">\n            {{theme_settings.pdp-non-sale-price-label}}\n        </span>\n        <span data-product-non-sale-price-with-tax class=\"price price--non-sale\">\n            {{price.non_sale_price_with_tax.formatted}}\n        </span>\n    </div>\n    <div class=\"price-section price-section--withTax\">\n        <span class=\"price-label\">{{theme_settings.pdp-price-label}}</span>\n        <span class=\"price-now-label\"\n              style=\"display: none;\"\n              data-page-builder-key=\"pdp-sale-price-label\"\n              data-default-translation=\"{{lang \"page_builder.pdp-sale-price-label\"}}\"\n        >\n            {{theme_settings.pdp-sale-price-label}}\n        </span>\n        <span data-product-price-with-tax class=\"price price--withTax\" data-value-price=\"{{price.price_range.min.with_tax.formatted}}\">{{price.price_range.min.with_tax.formatted}} - {{price.price_range.max.with_tax.formatted}}</span>\n        {{#and price.price_range.min.without_tax price.price_range.max.without_tax}}\n            <abbr title=\"{{lang 'products.including_tax'}}\">{{lang 'products.price_with_tax' tax_label=price.price_range.min.tax_label}}</abbr>\n        {{/and}}\n    </div>\n{{/and}}\n{{#and price.retail_price_range.min.without_tax price.retail_price_range.max.without_tax}}\n    <div class=\"price-section price-section--withoutTax rrp-price--withoutTax{{#if price.with_tax}} price-section--minor{{/if}}\">\n        <span data-page-builder-key=\"pdp-retail-price-label\" data-default-translation=\"{{lang \"page_builder.pdp-retail-price-label\"}}\">\n            {{theme_settings.pdp-retail-price-label}}\n        </span>\n        <span data-product-rrp-price-without-tax class=\"price price--rrp\">{{price.retail_price_range.min.without_tax.formatted}} - {{price.retail_price_range.max.without_tax.formatted}}</span>\n    </div>\n{{else}}\n    {{#if price.without_tax}}\n        <div class=\"price-section price-section--withoutTax rrp-price--withoutTax{{#if price.with_tax}} price-section--minor{{/if}}\" style=\"display: none;\">\n            <span data-page-builder-key=\"pdp-retail-price-label\" data-default-translation=\"{{lang \"page_builder.pdp-retail-price-label\"}}\">\n                {{theme_settings.pdp-retail-price-label}}\n            </span>\n            <span data-product-rrp-price-without-tax class=\"price price--rrp\">\n                {{price.rrp_without_tax.formatted}}\n            </span>\n        </div>\n    {{/if}}\n{{/and}}\n{{#and price.price_range.min.without_tax price.price_range.max.without_tax}}\n    {{!-- Never display the \"non-sales price\" if there is a price range to be shown, but we do want the element on the page --}}\n    <div class=\"price-section price-section--withoutTax non-sale-price--withoutTax{{#if price.with_tax}} price-section--minor{{/if}} price-none\" style=\"display: none;\">\n        <span data-page-builder-key=\"pdp-non-sale-price-label\" data-default-translation=\"{{lang \"page_builder.pdp-non-sale-price-label\"}}\">\n            {{theme_settings.pdp-non-sale-price-label}}\n        </span>\n        <span data-product-non-sale-price-without-tax class=\"price price--non-sale\">\n            {{price.non_sale_price_without_tax.formatted}}\n        </span>\n    </div>\n    <div class=\"price-section price-section--withoutTax{{#and price_range.min.with_tax price_range.max.with_tax}} price-section--minor{{/and}}\">\n        <span class=\"price-label\">{{theme_settings.pdp-price-label}}</span>\n        <span class=\"price-now-label\"\n              style=\"display: none;\"\n              data-page-builder-key=\"pdp-sale-price-label\"\n              data-default-translation=\"{{lang \"page_builder.pdp-sale-price-label\"}}\"\n        >\n            {{theme_settings.pdp-sale-price-label}}\n        </span>\n        <span data-product-price-without-tax class=\"price price--withoutTax\" data-value-price=\"{{price.price_range.min.without_tax.formatted}}\">{{price.price_range.min.without_tax.formatted}} - {{price.price_range.max.without_tax.formatted}}</span>\n        {{#and price.price_range.min.with_tax price.price_range.max.with_tax}}\n            <abbr title=\"{{lang 'products.excluding_tax'}}\">{{lang 'products.price_without_tax' tax_label=price.price_range.min.tax_label}}</abbr>\n        {{/and}}\n    </div>\n{{/and}}\n\n{{!-- Never display the \"saving price\" element by default if there is a price range on the page to be shown --}}\n{{#if page_type '===' 'product'}}\n     <div class=\"price-section price-section--saving price\" style=\"display: none;\">\n            <span class=\"price\">{{lang 'products.you_save_opening_text'}}</span>\n            <span data-product-price-saved class=\"price price--saving\">\n                {{price.saved.formatted}}\n            </span>\n            <span class=\"price\">{{lang 'products.you_save_closing_bracket'}}</span>\n     </div>\n{{/if}}\n",
  "components/common/requireness-msg": "<small>\n    {{#if required}}*{{/if}}\n</small>\n"
}